name,address,rating
 Technobrave Technologies Pvt. Ltd.    ,"903 Samedh Complex C G Road, Ahmedabad",4.0
 Business Online    ,"Suvidha Cross Road Paldi, Ahmedabad",5.0
 Zedwel Digital Marketing Agency    ,"Gandhinagar-gujarat,Infocity, Gandhinagar-Gujarat",5.0
 D-ICON IT SOLUTION    ,"Mehsana,Mehsana Industrial Estate, Mehsana",4.7
 G9 Gujarati News Private Limited    ,"Surat,Kamrej, Surat",5.0
 Advibe Media Inc.    ,"Udaipur-rajasthan,Hathipole, Udaipur-Rajasthan",5.0
 Setblue.Com    ,"Surat,Ring Road, Surat",4.5
 Tejhaksh Technologies Pvt. Ltd.    ,"Neemuch,Neemuch Chawni, Neemuch",4.9
 Mateshwari Publicity    ,"Pali-rajasthan,Pali City, Pali Marwar",4.9
 NKV DESIGNERS    ,"Dhule,Sakri Road, Dhule",3.7
,,
,,
,,
,,
