name,latitude,longitude
Manav Mandir,23.0461532,72.5396662
"Karnvanath Mahadev, Shiv Temple",23.0470512,72.5498248
Paramdham Temple,23.0279683,72.5206423
Gayatri Mandir,23.0616617,72.5914612
Jalaram Mandir,23.0180339,72.5617653
"Bhimnath Mahadev, Shiv Temple",23.0119553,72.5499794
"Jagannath Mandir, Temple",23.0114213,72.5810755
Sant Asharamji Ashram,23.0931619,72.6024491
N/A,23.0110649,72.5705432
Temple,23.0151595,72.5666935
N/A,23.0141905,72.5682822
N/A,23.0238654,72.590076
Ganjpir Dada Ni Dargah,21.3376879,69.989865
Parshvanath Jain,21.3779863,69.8692659
Manikarnikeshwar Mahadev Temple,22.9978398,72.6073978
Hanuman temple,21.6259471,72.9437811
Koteshwar Temple,23.6876337,68.5275501
N/A,23.6830542,68.5309378
N/A,22.8404642,69.2193509
Mohammed Pannah Mosque,23.2499081,69.6675459
N/A,23.234694,69.7955382
Tropic of Cancer Board,23.5,69.662499
N/A,23.2448861,69.6871851
N/A,23.2577981,69.6624612
N/A,23.2800964,69.7752845
Rudramata Temple,23.3769237,69.7132839
Ranchodrai Temple,22.7543064,73.1503886
Mahadev Temple,23.2638239,69.7065396
Changeswar Mahadev,22.689472,72.8644867
Santram Deri,22.6761037,72.8674001
Mai Mandir,22.6894403,72.8580347
N/A,23.0034536,72.5651766
Saibaba Mandir,20.9437229,72.9222409
Ashapuri Mata Mandir,20.947724,72.9240267
Ramji Mandir,20.9492813,72.927369
Takhteshwar Temple,21.765831,72.1457408
Sai Baba Temple,20.5862687,72.8983632
Swami nayaran tample,22.2930295,70.7819751
Ambe Mata Mandir,23.2451973,72.6476554
Shri Tarangaji,23.9666637,72.7543021
Dada Alay,22.3046807,73.2049371
Sai Baba,22.3035443,73.2043115
Shree Siddhivinayak Temple,22.2999403,73.1994009
Suryanarayan Temple,22.3034353,73.1970121
Khane Rafaiya Masjid,22.2994661,73.1959004
N/A,22.3051002,73.2040287
N/A,23.0246727,72.5824724
N/A,23.0173101,72.5896206
Gopnath Mahadev Mandir,23.0688147,72.5648948
Mar gregorios orthodox church,23.6101893,72.3827859
Hanumanji mandir,23.6061169,72.2924258
Mahakali Mataji temple,23.5979404,72.2201756
Shri Malguru Maharaj Vav Sankul,23.3141083,72.3340278
Verai Mataji temple,23.3440706,72.3553324
Pipaleshwar Mahadev Temple,23.3439008,72.3538086
Kshemkalyani Mata Nu Mandir,23.4695225,72.2947187
Ganpati Dada Temple,23.7841868,72.2811348
Goriaya Veer Temple,23.7688388,72.3658463
Vaijnath Mahadev Mandir,23.8054396,72.4173741
Tejeshwar Mahadev mandir,23.2945815,72.3349835
Bhoyani Jain Tritha,23.3595416,72.2290503
Mahadev Mandir,23.4055762,72.2425677
Dudhai Khodiyar Ma,23.2433137,72.3218146
Bahucharaji mataji mandir,23.6274947,72.3383431
Punit Ashram,23.0024214,72.605685
Shri Simandhar Swami Jain Derasar,23.5931939,72.3795053
Gayatri Mandir,23.5888424,72.3783165
Deveshwar Mahadev Mandir,23.2622377,72.2747222
Khodiyar Temple,23.262212,72.2743953
Ram Ji Mandir,23.262048,72.2739589
Dashamma temple,23.8510539,72.0705873
Sri Sai Baba Temple,23.8348702,72.104312
Shree Pareviya Veer Dada Mandir Complex,23.787609,72.1368582
Rehoboth Christian Assembly,23.0010208,72.5368761
Jumma Masjid,24.2190841,72.1537992
Brahmaji Temple,24.038289,73.0478911
Kashi Vishwanath Mahadev Temple,24.0343243,73.0468652
Gayatri Mandir,24.0340798,73.0468102
Pankheshwar Mahadev Temple,24.0356153,73.0515069
N/A,24.029778,73.0515057
Vimalnath Jain Temple,24.0306374,73.0477269
Adinath Jain Temple,24.0389484,73.0472569
Mahakali Temple,24.0386903,73.0507815
Bapa Sitaram Madhuli,24.028122,73.0419651
Chehar Mata temple,23.6721553,72.0185438
Guruma Samadhi Mandir,23.125173,72.6123146
Hathising Tonk,21.483205,71.7950485
Keshavji Nayak Tonk,21.4824299,71.7952016
Shantinath Temple,21.4821662,71.7952609
Samavasaran,21.4823462,71.7950016
Neminath ni Chaury,21.4820999,71.7951252
Amizara Temple,21.4823479,71.7948644
Sothambha Temple,21.4821956,71.7944262
Kumarpal Temple,21.4816895,71.7944022
Pundrik Swami Temple,21.4816679,71.7940456
Mount Meru,21.4815308,71.7940617
New Temple of Adinath,21.481482,71.7939163
Sahastrakoot Temple,21.4813929,71.7938036
Sammet Shikhar Temple,21.4813767,71.7936045
Vish Viharman Temple,21.4812404,71.7936189
Ashtapad Temple,21.4812768,71.7934804
Bharat - Bahubali Temple,21.4816124,71.793513
14 Ratna Temple,21.4816763,71.7935634
Rayan Pagala,21.4815172,71.7934598
Gandhar Pagala Temple,21.4817294,71.7936234
Simandhar Swami Temple,21.4817031,71.7937696
New Tonk Adishwar Temple,21.4819905,71.7939244
Gandhariya Chaumukhji Temple,21.4817942,71.7939546
Adbhut Adinath (Adabadji) Temple,21.4833304,71.7943003
Premchand Modi Tonk,21.4835924,71.7937073
Sahastrafana Parshwanath Temple,21.4834796,71.7939237
Sheth Hemabhai Tonk,21.4837833,71.794183
Ujambai (Nandishwar Dwip) Tonk,21.4836656,71.7947983
Sakar Shah Tonk,21.4839036,71.7948663
Panch Pandav,21.4841092,71.7947336
Chaumukhji (Sava Som or Khartarvasahi) Tonk,21.4841751,71.7952786
Chhipa Vasahi (Bhavsar) Tonk,21.4840039,71.7952773
Marudevi Temple,21.4843482,71.796089
Narshi Keshavji Tonk,21.484429,71.7962227
Shantinath (Samprati) Temple,21.4842438,71.7960906
Kavad Yaksha shrine,21.5052984,71.8142059
Saraswati shrine,21.5048961,71.8136399
N/A,22.3492355,73.1403974
N/A,20.8907269,73.7957122
Shree Swaminarayan Temple Gadi Sansthan,22.9955398,72.6107331
Ambaji Mata Temple,22.9912494,72.6083788
Baba Ramdev Pir Temple,22.992009,72.605944
Ram Krishna Temple,22.9916559,72.6062149
Shiv Mandir (Temple of Lord Shiva),22.9915288,72.6063779
Lakhpat Gurdwara,23.8260774,68.7786462
Vishnu temple,23.6744311,68.5384187
Panchdev Mahadev Mandir,23.0654461,72.5424404
Hanuman Mandir,20.3245028,72.7877985
Amba mata Temple,24.0441518,73.0507818
Ramdevpeer Patiyu,23.5434309,70.7973158
"Khodiyar Temple, New Ranip",23.0925942,72.5664534
ramaji mandir,23.8168456,72.2588091
Dadabhagwan Trimandir - Adalaj,23.1784824,72.5721279
Shiv temple,22.6024449,70.2024989
Khiri temple,22.5788273,70.2073151
Dattatrey Temple,23.9340466,69.8138824
Khamasa Parsi Agiyari,23.0212928,72.5847376
omkar,21.2002764,72.7979723
Gauri Maiya,23.7533086,72.0174021
mandir,22.3046333,70.8021796
JAY,20.1873399,72.7501227
MY NEW HOUSH,20.1899766,72.7527938
Jain Temple,23.0333137,72.5599824
Sai Baba Temple,23.0804158,72.6203895
Dariyakhan Ghummaj,23.0526575,72.5867794
N/A,21.5252891,70.4863168
St. Xavier's,21.5252711,70.4589685
Padmavati Temple,21.4933716,71.8047744
N/A,21.5057843,71.81256
N/A,22.8345315,69.3609756
N/A,23.2447825,69.6867673
N/A,23.2465246,69.6873784
N/A,23.2477834,69.6658612
N/A,23.2483688,69.6654751
Hatkeshwar temple,23.2519899,69.667352
N/A,23.2543987,69.6745701
N/A,22.9967195,71.4442012
N/A,23.0070388,71.331133
Swaminarayan Akshardham Temple,23.2293849,72.674088
Gayatri Mandir,23.2002512,72.6432038
Dharmeshawar Mahadev Temple,23.0784656,72.5916738
Jain Derasar,23.0803221,72.5922625
Ramji Mandir,23.0836988,72.5895182
Vaishno Devi Mataji Mandir,23.0790305,72.5895455
Bhidbhanjan Mahadev Mandir,22.8429278,69.7222907
Kalyaneshwar Mahadev Temple,22.8400365,69.7247082
"Shree Ayyappa Temple, Ankleshwar",21.6477866,73.0098801
Shiv Temple,22.48712,70.0654358
Mar Toma Syrian,22.4887355,70.0532028
N/A,22.3254368,73.2046404
Mata No Dhou,22.7859139,69.6242143
Mata No Dhvou,22.7858915,69.6242365
Ramjee mandir,23.6021884,72.3987352
N/A,22.2902383,70.7435642
N/A,21.6353709,69.6723203
Kshirjamba Mataji Temple,24.0292885,73.0554367
Swaminarayan,21.6307847,69.6317324
N/A,23.6715233,69.7133961
KAMBIMATA TEMPLE,22.7308958,70.4557986
BILESHWAR MAHADEV TEMPLE,22.7334562,70.4320423
N/A,22.73746,70.426246
Gadh,22.7390581,70.4258303
N/A,22.7418602,70.4245024
N/A,22.7406722,70.4607171
Atmajyoti Ashram,22.3160942,73.1558028
Kumbharia Jain Temples,24.3240411,72.8627546
Modhera Sun Temple,23.5834213,72.1330777
N/A,23.6095167,70.4080803
N/A,22.9172581,69.266428
N/A,22.7841544,69.4440702
Rukmini Devi Temple,22.2573308,68.9643978
N/A,22.6599318,70.3467109
N/A,22.6936864,70.4878961
72 Jinalaya,22.9001262,69.4141346
Kothara Shantinath Jain temple,23.1356793,68.9355239
Aglod jain temple,23.6316503,72.8093414
Bhadreshwar Jain Temple,22.9114173,69.9041934
Vanki Derasar,22.9895716,69.7039528
N/A,22.7410981,70.4612383
Shree Bhagwati Angashi Foi Temple,23.3407781,72.4457502
The Khodiyar Temple,23.3476978,72.4447012
Shri Hanumanji Temple,23.2327276,72.494053
Swaminarayan Temple,21.7748839,73.1342839
N/A,21.7673185,73.1339765
Sai temple,21.7179155,73.0297882
Om temple,21.7195656,73.0425028
Shiva temple,21.7195257,73.0455766
Dhudheswar temple,21.71294,73.0358259
Hanuman Temple,22.0839406,73.289541
shiva temple,22.0858426,73.2465695
shiva temple,21.7243995,73.0195614
Dodhia Jain Temple,22.9840655,69.1265156
RADHA KRISHNA MANDIR,22.7383089,70.4257709
Hanuman Temple,23.6617962,72.9623755
Sai Temple,23.657517,72.9612692
Gayatri Shaktipith,23.6135222,72.9791169
Mahakali Mandir,23.7236053,73.0565685
Shree Ram Temple,21.2123825,72.7832555
Shanidev Temple,21.2121375,72.7827458
Merulaxmi Temple,21.2114076,72.7969847
Ganesh Temple,21.2115377,72.7928165
Somnath Mahadev,21.2104824,72.7843622
Hanuman Temple,21.2081685,72.7863311
Swaminarayan Temple BAPS,21.7271126,73.0311562
Chamak,23.2992814,72.4385846
Swaminarayan temple,22.4535093,70.0285144
N/A,22.4642775,70.0519347
Ratanbai masjid,22.4664369,70.0774794
N/A,22.4645249,70.0773233
Kashi wishwanath Temple,22.4715592,70.0760996
Church,22.473296,70.068086
Saibaba temple,22.4961475,70.0583598
Nilkanth Mahadev,22.4680539,70.0697144
saifee masjid,22.4613861,70.0790358
Bhurani masjid,22.4622998,70.0783817
Ashapura temple,22.0985516,69.4170427
Vohra hajira,22.4752263,70.0833095
Badri Masjid,22.4747736,70.0830014
Jalaram mandir,23.5581593,72.3745152
kisan gausala,22.2618313,70.8317383
Gururaj navkar jain mandir white,23.3047713,72.4361293
Amarnath mandir,23.6195727,72.3953542
khodiyar mata mandir,23.630845,72.3948407
Somnath tample mehsana,23.6252422,72.3958959
Aman masjid,23.6126713,72.4028207
Shree Swaminarayan Mandir,21.2106513,72.7906811
Bechraji entrance,23.4998652,72.0484815
samuben mervada,23.6023435,72.2787062
Swaminarayan baps,23.5900238,72.3773528
 Hanuman mandir,23.5946735,72.3792062
Toranvadi tample,23.6022699,72.3913441
Daityasudan Temple,20.8897256,70.4023073
Shri Chandraprabh Swami Jain Temple,20.8902482,70.4024117
Shri Balaji Mandir,20.8865727,70.4057135
Shri Kapardi Vinayak shrine,20.8883344,70.4019235
Shri Hanuman Temple,20.8880633,70.4017485
Shrine of Veer Hamirji Gohil,20.8880759,70.4017874
Ahilyabai Holkar Somnath Temple,20.8879852,70.4035005
Mahakali temple,20.8883688,70.4030364
Veneshwar Mahadev Mandir,20.8901778,70.407529
Bramha Kund,20.8854329,70.4066156
Rudreshwer Mahadev Mandir,20.8861812,70.410364
Lord Parshuaram Temple,20.8846228,70.4097906
Durgeswer Mandir,20.883544,70.4095077
Kali Mandir - Chandrabhaga,20.8835177,70.4095231
Guru Dattatreya,20.8835635,70.4095043
Kal Bhairav,20.8835791,70.4095164
Shri Ram Mandir,20.884505,70.4130232
Shri Triveni Mataji Mandir,20.8844805,70.413245
Kamnath Mahadeva temple,20.8856356,70.4125669
Adishankaracharya cave,20.8857408,70.4126965
Sharada Mutt,20.8856084,70.412697
"Hingalaj Mata cave, Kuladevi of Pandavas",20.8860167,70.4133969
Sun Temple,20.8859943,70.4131501
Panch Pandava Gufa,20.886042,70.4134289
Lord krishna charan paduka,20.8874423,70.4157333
Lord Baldevji ki Gufa,20.8870869,70.4153882
Gita Mandir,20.8869827,70.4154537
Laxmi Narayan Mandir,20.8871894,70.4153528
Mahaprabhujee ni baithak,20.8874384,70.4155726
Bhimnath Mahadev,20.8883899,70.4149507
Meria Kaka Jain Shrine temple,20.8893257,70.4143593
Shri Nrusinh Mandir,20.8896778,70.4140673
Gupteshwer Mahadev,20.8911394,70.4134222
Umiya mataji,23.3731533,72.4084722
Jain derasar,23.3743665,72.4082444
Zulelal Mandir,23.6092519,72.3976841
Shree bala hanuman mandir,23.6048797,72.3882698
Gurudwara,23.6113525,72.3831739
shree ganpati mandir,23.6042728,72.3900943
Maldi mataji mandir,23.6239644,72.3764791
shree mahadev mandir,23.6149677,72.4074659
Makardhwaj Hanuman Mandir,20.8999917,70.4234198
Shree Bhidbhanjan Hanuman Mandir,20.8946283,70.4056647
Suryaputra Shani Dev Mandir,20.8946299,70.4056279
Laxmi Narayan Temple,20.913996,70.3515507
Darul Ulm Saiyad Ali Sarkar,23.433985,72.3949416
parsuram ashram,23.3539936,72.4162188
Umiya mata tample,23.802125,72.3967245
Vasupujya Jain Temple,23.5924498,72.3824255
Shree Khantiratna Jain Swadhyay Mandir,23.5922154,72.3821396
Masjid,23.5911357,72.3801265
shree satay narayan mandir,23.2445089,72.4981096
sankat mochan hanuman mandir,23.5894888,72.3853318
Masjid,23.6052651,72.3960087
Masjid,23.6056232,72.395914
Rajkot Dadabhagwan Trimandir ,22.3427222,70.9051944
Jogni mataji mandir,23.2503838,72.4857532
BAPS Swaminarayan Temple,23.6071822,72.3808469
Manav Ashram -mehsana,23.615345,72.4080001
Gaytri sakti pith -kalol,23.2473283,72.4856455
Swaminarayan ,23.0055252,72.5522649
Swaminarayan Temple Bavla,22.8342872,72.366148
Yagnashala,21.6351407,69.6727559
Sai baba mandir,23.599005,72.4082683
ambe mataa mandir,23.0593777,72.5364499
Sindhi Dharam shala,23.6086114,72.3972796
Pratishtha Apt,21.1589527,72.7777947
Kishan Gausala,22.2618791,70.8313248
Khodiyar Temple,22.6978988,72.8551236
Ramdev pir Temple,22.68991,72.8456374
Gurudwara,22.7025573,72.842763
Gorthiya Mahadev Temple,23.4323022,73.0493573
Madavari - Mata Amba Temple,23.4654168,73.1131613
Julelal mandir,22.3163861,70.7967558
Swaminarayan temple poicha,21.9704614,73.462695
Swaminarayan Temple,20.6121286,72.8916543
Pipaliya Goga Maharaj Temple,23.4648176,73.099037
Koteshwar Mahadev Temple / Mandir,23.0945918,72.6119846
Gurukul,23.0457058,72.5268056
Muni Bapu Ashram,23.0148133,72.3829577
Shah E Alam Roza,22.9940973,72.5895788
Jama Masjid,22.9933887,72.5054614
Sai baba,23.0887798,72.6500054
Sant nirankari Ashram,23.0868773,72.6479573
Changodar,22.9402206,72.4567127
Lambha Mandir,22.9413497,72.5798073
Bhadra Kali Temple,23.0239807,72.5814992
Entrance OF 51 Shakteepeeth Arasuri Ambaji Gabbar Tirth,24.3385273,72.8287113
51 Shakteepeeth Arasuri Ambaji Gabbar Tirth,24.338085,72.8263539
BAPS Pramukhswami mandir,22.157481,71.7666696
Mahadev Temple -Ghela Somnath,22.0667202,71.3677609
Kokran Temple,22.6745993,72.8830477
Saibaba Temple,22.6961881,72.8787142
Eben Ezer Church. Navagam,22.7922561,72.576486
N/A,23.0072825,72.5386698
Sankhalpur,23.5182439,72.0308885
Bindu sarovar,23.9088327,72.3636318
Chandlodiya Temple,23.0838579,72.5530656
Radha Madhav temple bhadaj,23.0983628,72.469948
BAHUCHAR MATA MANDIR,23.4997938,72.0443694
Kankai Mata Temple,21.182038,70.79133
Indreshwar Temple,21.550331,70.48045
Jalaram Mandir,20.6142561,72.9883966
Shiv Mandir,20.6062865,72.9899418
khubsaab masjid,21.2029903,72.8282058
Mahadev Temple,22.9853608,72.6321146
Chamunda Mata Temple,22.9861602,72.6310124
Saibaba Temple,22.9866323,72.6300604
Mahadev Temple,22.9831015,72.6248105
Temple,22.9849403,72.6295687
Swaminarayan gurukul kandari,22.0783687,73.1521676
Solahkhambhi Mosque ruins,22.9097263,69.9026194
Pir Lal Shahbaz Dargah,22.9103465,69.9003583
Chokhanda Mahadev temple,22.8893445,69.8983118
Bukhari Pir Dargah,22.8406196,69.7211389
NArmedeshwar tample,22.4860429,70.0533501
Shree Swaminarayan Vishranti Bhuvan (Under Bhuj),23.1096913,72.6299612
Gopalji Temple,23.1669413,72.8214463
Umiya Temple,23.1563963,72.7999306
Khodiyar Temple,23.1661716,72.8166247
Shiv Mandir,21.1755841,72.8232281
N/A,23.164606,72.8113088
Ramdev pir mandir mangrol,21.1236229,70.1200977
N/A,23.1659226,72.8133519
Jumma Masjid,21.6919227,72.9820655
Sarveshwar Mahadev Temple,23.0748674,72.5784767
Khodiyar Temple,23.0765706,72.5776658
N/A,20.5773741,73.7523656
Pakshi Mandir,23.660065,73.0798231
Vishnu temple,23.6590405,73.0828513
Base of ruined temple,23.6590036,73.0828594
Shiva temple,23.6589398,73.0828701
Navagraha temple,23.658215,73.083023
Ganesh Shiva temple,23.6570087,73.0820976
Bhimnath mahadev,23.6031711,72.4001056
Bhimnath mahadev,23.6031164,72.4002603
Balaram Mahadev Temple,24.2705258,72.5087956
Ambaji Temple,24.1740697,72.434025
Vishwakarma Temple,24.1739103,72.4338803
Kapileshwar Mahadev Temple,24.400981,71.4854132
Pataleshwar Temple,24.1739619,72.4321649
Jain Derasar,24.1720821,72.4377577
Mota Ramji Mandir,24.172801,72.4380562
Dharashnvel Temple (Magderu),22.289111,69.051442
Guhaditya temple,22.3010109,68.9869626
Junagadhi (Jain) Temple,22.317991,68.9990628
Kankeshvara Mahadeva temple & other shrines,22.318436,68.9973636
Gop Temple,22.0288533,69.9291298
Galteshwar Temple,22.7848805,73.2780749
Adnath Temple,20.8514107,70.7907872
Bhavnath Mahadev Temple,21.7776159,72.144317
Gopnath Temple,21.2099646,72.1078996
Temple,20.8684586,73.1680044
Om shanti,23.0873143,72.6192277
Dargah,23.4568466,73.298677
BAPS Swaminarayan Temple,23.4575764,73.3011975
Kantheria Hanuman Temple,24.1793954,72.4425701
Kalpyan Pushti Haveli,23.0384308,72.5306552
Paniyari Ashram,24.1801194,72.6485236
Chintamani Parshwanath Mandir,23.1792586,71.9793722
Rama Lakshamana Temples,22.19546,69.018989
Charbhuja Mandir,23.0060333,72.7511315
Khodiyar Mandir,21.5261844,70.4717875
godhar,23.1467573,73.7646098
Balaji Hanuman Mandir,22.2945908,70.8044948
Ganesh Temple,21.1645985,72.7753696
Ganesh Temple,21.1650904,72.7759941
Krishna Mandir,21.176977,72.8073848
Khuneshwar Temple,22.4731813,73.5214916
N/A,22.4609222,73.5305574
N/A,22.4616487,73.5271424
N/A,22.4838002,73.5294166
Somnath Mahadev Temple,21.2106971,72.7760832
Kali Temple,20.9651917,70.2859997
New Ram Mandir,20.9072181,70.3642553
Sai Baba Temple,20.927727,70.3519456
Ayyappa Temple,20.9139627,70.3589548
JAGNATH MAHADEV MANDIR,22.5409861,72.9620653
PANCHMUKHI HANUMAN MANDIR,22.5413329,72.9617327
MUMBADEVI MANDIR,22.5412112,72.9625466
Gurudwara,23.0707814,70.13846
Prerna Tirth Derasar,23.0214082,72.5198974
Temple,21.1740991,72.7922102
Vaijnath mandir,23.5895353,72.4188475
Shree Ram Mantra Mandir,21.7451441,72.1482984
Gangu Maa Temple,24.0380598,72.9630342
Dundri Masjid.,20.6890411,72.9494569
Sai Baba Temple.,20.8000752,72.9584763
Andheshwar Temple,20.8244564,72.9512696
Hansapore - Chachar Maata Mandir,20.9054815,72.9236316
Chotila,22.4197094,71.2100737
ચોટીલા ચામુંડા માતાજી મંદિર,22.4198652,71.2101026
Perrian.com,21.2041296,72.830902
Jay Khijdamama,22.4883948,70.8783705
Madina masjid,22.585902,70.909071
Hanuman mandir,22.6359197,71.3573445
Bhrigu Rishi Mahadev Temple,24.0295841,73.0564004
12 Jyotirlinga Shrine,24.0294984,73.056513
Hanuman Temple,24.03636,73.0489626
Jalaram Bapa Temple,24.0361665,73.0488419
महाकाली मंदिर,22.4635027,73.5153226
Bhuvadeshwar Mahadev Temple,23.0171222,69.9011745
Jwalamukhi Mataji Temple,22.1341504,73.4296838
Jalaram temple,21.1780223,72.6587348
Gangeshwar Mahadev Temple,24.2365629,72.5995039
Temple,24.2359759,72.5988655
Vishwakarma Temple,24.3105183,72.8440019
Kumbheshwar Mahadev Temple,24.3244309,72.8609374
Dhar Mata Temple,24.2682656,72.5179844
Malnath Mahadev Temple,21.6040551,72.1023546
Ambaji Temple,23.1199129,70.1147053
Tapovan Ashram,21.1754244,72.6589607
Neminath Jain temple,21.5267148,70.5230931
Vastupala Tunk,21.5265524,70.5237988
Samprati Raja Tunk,21.5270216,70.5237164
Merakvasi (Khartarvasahi) Tunk,21.5270323,70.5228457
Kumarapala (Purnasinh Kothari) Tunk,21.5275818,70.5233884
Mallavadi (Malvalu) Tunk,21.5265999,70.5243651
Digambara Jain temples,21.5264031,70.5243941
Dharamchand Hemchand Tunk,21.5270216,70.5243262
Gumasta (Gulabsinh) Tunk,21.5265554,70.5240007
Mansang Bhojraj Tunk,21.5258418,70.5236612
N/A,21.5263932,70.5242183
Sangram Soni Tunk,21.5272636,70.5230543
Gyanvav (Sambhavnath) Tunk,21.5273068,70.5235734
Chaumukhji Tunk,21.5267238,70.5245231
Neminath Diksha Kalyanak temple,21.5335098,70.5265926
Neminath Kevalgyan Kalyanak temple,21.533242,70.5261824
Adabadji Adeshwara Temple,21.5269259,70.5230577
Panchabai Temple,21.5270705,70.5230984
Adinath Digambar Temple,23.8558061,73.0030341
Shantinath Jain Temple,23.8565328,73.0035537
Shree Verai Mataji Temple,23.1856304,72.6165686
Shree Sargesvar Mahadev Temple,23.1855819,72.6158267
Shree Mahakali Mataji Temple,23.1872476,72.6157986
N/A,22.738412,70.4239175
JAMSAR TEMPLE,22.7939896,70.4340547
Mama No Otlo,22.7110905,70.4226241
N/A,22.7149014,70.4318253
Rokadiya Hanuman Jiragadh,22.7193213,70.5104381
Tapovan Aashram,22.7003613,70.5415943
Hanuman Temple Lakhtar,22.6252084,70.3780748
Ramji Mandir Keshiya,22.6711701,70.3986211
Mahadev Mandir,22.6710523,70.389407
વિશાલ હનુમાન મંદિર,21.2198723,72.8577133
Kapila Hanuman Temple,23.610527,72.3661089
Chudel Mata Mandir,23.6097435,72.368907
Kashi Vishwanath Mahadev Temple,23.6136542,72.3574859
Tryambakeshwar Mahadev temple,23.6140666,72.3674535
Khodiyar Temple,21.3603506,71.046228
Harsiddhi Mata Temple,21.8388325,69.3705429
Khodal Dham,21.791104,70.6894698
SWAMINARAYAN TEMPLE,22.2960823,73.2538443
Pir Gulam Alishah,23.0790113,69.5923591
Shree Kutch Satsang Swaminarayan Temple Ladies,23.0792753,69.5967364
Saraneshwar Mahadev temple,24.0014355,73.2688296
Surya (Sun) temple,23.9996603,73.2747724
Lakhena na Dera (Jain temples),24.0015906,73.2817717
Visa Hanuman,23.0228973,72.5937955
Shree Swaminaryan Temple,20.9075443,70.3678511
Moinuddin Chisti Mosque,23.0601961,72.5883445
N/A,22.4783922,72.8024079
N/A,20.5502927,72.9491079
Temple,24.2359467,72.5988606
Shree Kutch Satsang Swaminarayan Temple Mens,23.0797614,69.5974338
Shree Sai Ganesh Yuvak Mandal-1976,21.2056058,72.8286705
Hatkeshwar mandir,23.0233183,72.5938375
Dwarkadhish mandir,23.0207788,72.5947645
Rameshwar mandir,23.0208959,72.5919461
Masjid e Khatimul Ambiya,22.9795627,72.5759353
Shahi Masjid,22.9976863,72.5886917
Shahi Masjid - Shah e Alam Dargah,22.9944381,72.5889358
Shahi Masjid - Dargah Hazrat Ali Sher Bangali,23.0104389,72.5651855
Hazrat Makhdum Shah Masjid,23.013937,72.584312
Jambudi Masjid,23.012687,72.584438
Masjid e Bahare Shariat,22.992313,72.5765629
Sitla Mata Temple,22.8431524,69.3278198
Sumathinath Derasar,22.8329367,69.3420947
ChandharPirbhu Jain Dersar,22.9788814,69.7190161
Vado Bhar Thanak,22.9784221,69.7192414
Sacha Mata Mother Goddess Deri,22.9783763,69.7190461
Upasro,22.9791026,69.7189684
Bhutesar Madev,22.98147,69.7166619
Jesar Pir Mindhar,22.9789671,69.7192073
Mahakali Mandir,24.2157823,72.369579
Hanuman Madhi,22.3004907,70.7754493
Imam Khan Masjid,22.7743364,73.6161272
Swaminarayan Mandir,20.81271,72.9562248
N/A,23.1908373,73.2276787
N/A,23.1914744,73.2283679
N/A,23.1909281,73.2281311
Baroda Mar Thoma Syrian Church,22.3215284,73.1923844
Shiv Temple,22.3212049,73.1927692
Mata Temple,22.3228124,73.1905831
Badi Masjid,22.3228013,73.1896418
Nani Masjid,22.3222551,73.1902303
Fakir ki Jhopadi,22.3234779,73.1890207
Shree Chhabila Hanuman Temple,23.4880793,72.59665
"Jain Temple, Samau",23.4882859,72.5968766
Radha Krishna Mandir,21.2108823,72.8286865
Kantareshwar Mahadev Mandir,21.2272846,72.8310183
N/A,22.9608211,72.5830274
N/A,22.3543865,73.1150519
Jama Masjid,22.2390928,68.968674
Ismaili Jamatkhana,21.110377,70.5220255
Masjid e Taqva,21.1009162,71.7611381
Ibrahim Masjid,21.0947843,71.7740692
Masjid E Raza,22.3010472,73.2261509
Sardhar Jumma Masjid,22.1398284,70.9834056
Taiyabi Masjid,21.9646807,70.8011969
Masjid E tayba,21.6856801,72.9592096
Bhavani Mandir (Temple),21.0645084,71.8059398
Gayatri Mandir,22.6093101,73.4634856
Maha Lakshmi Mandir,22.6053266,73.4660039
Ambe Mata Mandir,22.6064415,73.4657532
Mahakali Maa Mandir,22.6024606,73.4685722
Somnath Patadeshwar Mahadev Mandir,22.6013195,73.4661316
Gowardhan Nathji Haveli (Mota Mandir),22.60389,73.4649939
Siddhnath Mahadev Mandir,22.6037491,73.4655742
Brahmakumaris Temple,22.6085057,73.4647825
Gaushaneshwar Mahadev Mandir,22.576341,73.4499249
Baapji Kaal Bhairav Mandir,22.5878299,73.4498333
Sree Sidhnath Mahadev Sitaram Mandir,22.6078215,73.4599423
Krupalu Maharaj Samadhi,22.5972944,73.5521614
Lomevdham Temple,22.3751599,71.4179641
Shree Muktajivan Swami Bapa Smruti Mandir,22.9732159,72.6114964
BAPS Swaminarayan Mandir,22.5306822,72.9314263
ગોગાના વારસદાર,24.1654899,72.1199271
mahakali mata hindu temple,23.5080611,72.9555179
jogni mata mandir,23.5089931,72.9557666
hindu temple,23.5097638,72.9560591
amba mata hindu temple,23.5091351,72.9569985
RAGUNATHJI TEMPLE,22.6844897,73.0016935
Neem Karoli Baba Hanuman Temple,23.0045742,70.608308
Shree Swaminarayan Temple Piplana,21.4392251,70.2401173
Kedarnath Temple,22.4754597,73.0881623
Umiya Mata Nu Mandir,23.0543121,72.4770925
JANKI POLY PLAST,22.9738305,72.5986127
dev bhumi pipalva gir,21.0332443,70.5362846
HAZRAT JORAVER PEER DARGAH [VAZAHAT HUSSAIN BAWA SAHEB],22.3052161,73.2132907
Koteswar Mahadev temple,21.5146614,70.4606511
Mandir,23.3055488,70.5042251
Hanuman Mandir,23.3022884,70.5062443
Bhagwan Mandir,23.3058196,70.5037139
Hanuman Mandir,23.3058616,70.5037688
Bapa Sitaram Mandir,23.305664,70.503116
Hanuman Mandir,23.3051949,70.5060331
Ram MAndir,23.3037235,70.5074137
Adinatha Jain temple,24.0286344,73.114431
Pashwanatha Jain temple,24.028408,73.1149142
Lakshmi Narayan Temple,24.028212,73.1135461
Shiva Temple,24.0280846,73.1124483
Parshwanath Jain Temple,24.0592813,72.4559292
Manibhadra Veer Temple,24.0591417,72.4567885
N/A,20.9516942,72.9610533
AHIR BHUVAN,21.0259074,70.4944237
BAPA SITARAM MADHULI LAKHANKA,21.9589852,71.6622469
Bhurakhiya Hanuman Temple Lakhanka,21.9618196,71.6604111
Vishweshwar Mahadev Mandir,23.6019505,72.3656076
Shree Kashtbhanjan Hanuman Mandir,22.3322412,73.4629564
Ramapir Temple,22.5829313,71.7410675
Shree Ramdev Rameshwar Mandir,22.627537,70.6090227
"Rameshwar Mahadev Mandir, Timbdi",22.6506233,70.5902873
Shree Bavariya Hanumanji Mandir,22.6091294,70.6318276
Shree Shidhnath Mahadev Temple,22.6085133,70.6307119
"Shree Darma Dada Mandir, Timbdi",22.654094,70.5884541
Shree Ram Mandir,22.6497431,70.5906397
Bahuchar Mata Temple,22.6281963,70.6060062
"Shree Momai Mata Mandir, Timbdi",22.6506687,70.5904732
"Shree Hanumanji Mandir, Timbdi",22.6496589,70.5905178
"Shri Ravi Randal Mandir`s Joshi Family, Ghunda",22.6942387,70.6344334
Shree Surapura Dada Temple Joshi Family,22.5704594,70.4250283
Pithadai Mata Mandir,22.6869692,70.5571886
Shree Sihmoy Mata Mandir,22.6288479,70.6036111
Shree Bodakiya Hanuman Mandir,22.6213016,70.6011984
Sant Shree Hemgiri Bapu Ashram,22.6279143,70.608604
"Shree Ram Mandir, Bangavadi",22.6279094,70.6037224
Surapura Tapu Bapa Trivedi Family Temple,22.4092032,70.753426
Shree Kankeshwar Mahadev Temple,22.6259437,70.6011791
Shree Neelkanth Mahadev Mandir,22.6270083,70.6033291
Shree Bhairava Vir Mandir,22.6732448,70.5881555
Shree Fuliya Hanumanji Temple,22.673526,70.5878824
Shree Ram Mandir,22.6724596,70.5874288
Shree Ramdevpir Ranuja Mandir,22.6755015,70.5787677
Shree Araneshwar Mahadev Temple,22.5586078,70.6474751
"Ya Tari Pir Sarkar, Timbdi",22.6418902,70.5794
Shree Varudi Mata Temple,22.6161113,70.58774
Bapa Sitaram temple,22.621666,70.6354306
Krishnalok Dham,21.1350401,73.0487673
Jogni Mata Mandir,22.5693371,72.9421912
Lambhvel Hanumanji Mandir,22.577935,72.9381972
Shiv Mandir,22.5470847,72.9576449
Ramji Mandir,20.8104111,72.9960916
Gayatri Mandir,20.8156769,72.9966176
Satimata Temple,20.8187183,72.9965329
Jalaram Temple,20.8100328,73.006514
Shree Rameshwar Mahadev Temple,20.8090126,73.0040213
Hanuman Mandir,20.8110194,72.9980822
Pathanwad Masjid,20.8108733,72.9994219
Jamadarwad Masjid,20.8099047,72.9994606
Khatawad Masjid,20.8120472,73.0010225
Ghanchiwad Masjid,20.8125466,72.9992102
Trimbaknath mahadev Temple,20.8118265,72.9972701
Hanumanji Temple,20.8145437,72.9990852
Momai Mataji Mandir,22.3894953,69.0009888
N/A,22.3909935,69.0010446
Shri Rama Mandir,22.3918208,69.0011005
N/A,22.3920202,68.9996318
Vachhradada Mandir,22.3907855,68.9980012
KIleshwar Mahadev Mandir,21.8422152,69.7457727
Shri Hanumanji Mandir,22.4439885,70.044252
Aai Shri Khodaldham Khodiyar Mandir,22.4083153,70.0590109
Nageshvar Jyotirling,22.3365794,69.0866866
BAPS Swaminarayan Temple,20.8180463,72.9939212
Hanumanji Mandir,20.812006,72.9962547
Hanumanji Temple,20.812002,72.9962542
Khatkiwad Masjid,20.813641,72.9948883
BAPS Swaminarayan Temple,20.8180616,72.9939281
Jaldevi Mata Temple,20.8110362,73.0006581
AmbaMata Temple,20.8137704,72.9968293
Tulja Bhavani Mata Temple,20.8103369,72.9949428
Shree Sankat Mochan Hanumanji Mandir,20.8130155,72.9980743
Sahi Jumma Masjid,20.8133453,72.9979033
Chosath Jogani Temple,20.8007203,72.9829715
Ambaji Mandir,22.4099176,70.0590126
Swaminarayan Mandir (Narnarayan Gadi),23.5899228,72.377263
Chotila Old Temple,22.4200215,71.2065933
Harshad Maa Old Temple,21.8397987,69.3690756
N/A,22.4805378,70.0848566
Kedarnath Temple,24.4120598,72.5215675
Shri Hanuman Mandir,22.4081931,69.0080355
Sarmariya Dada Mandir,22.6275619,70.6055468
Shree Rajrajeshwari Ashapura Mata Mandir,22.5688283,70.4855627
Radha Krishna Temple,20.8408821,70.4785124
Goradiya Hanumanji Mandir,22.574782,70.4547738
Kosadi Masjid (Juni Kosadi),21.4724987,73.0998705
Kosadi Madressa,21.4630282,73.1003244
Shri Bapa SitaRam Temple,22.6512108,70.5903987
BAPS Swaminarayan Mandir,22.5615349,70.4176933
Sindhwai Temple,22.9900693,72.6355521
Partheswar Temple,22.9675705,72.6074593
Keastox Best Stock Broker in Ahmedabad,23.0792051,72.5013498
"BAPS SWAMINARAYA TEMPLE, VIJAYNAGAR",22.2558484,73.2170773
Dargah,22.3885081,70.7831608
Satseva Gurudham,23.3430209,71.80204
Ramji Mandir Bharatnagar,22.9047743,70.8254487
Bapa Sitaram Mandir બાપા સીતારામ મંદિર,22.8240414,70.819956
Ramdev Pir Mandir રામદેવ પીર મંદિર,22.8228981,70.8243586
Hanumanji Mandir Ravapar Road હનુમાનજી મંદિર રવાપર રોડ,22.7928845,70.8262247
Dhavdi Mataji Mandir  ધાવડી માતાજી મંદિર,22.8261324,70.8527529
Shri Ramji mandir chowk શ્રી રામજી મંદિર ચોક,22.7522758,70.9171887
Meldima Mandir Sanala મેલડીમાં મંદિર સનાળા,22.7910607,70.8067663
Shri Ramji Mandir Jepur શ્રી રામજી મંદિર જેપુર,22.8687652,70.7683863
Shri Ramji Mandir Talaviya Sanala શ્રી રામજી મંદિર તળાવિયા સનાળા,22.8860406,70.9222401
Ram Mandir Lakshminagar રામ મંદિર લક્ષ્મીનગર,22.885878,70.8326505
Ramji Mandir Nava Sadulka રામજી મંદિર નવા સડુલકા,22.8967735,70.8100161
Rammandir Kerala રામમંદિર કેરાલા,22.9390882,70.8484134
Shree Hanuman mandir,22.3003452,73.2383002
Shiv mandir,23.1062878,72.5780403
OM mandir,20.216283,73.002358
N/A,23.9097071,72.3526087
Sahastra Kut,21.4828702,71.7947147
Narshi Natha Chandraprabhu Temple,21.4843524,71.7959478
Samavasaran,21.4932028,71.8045298
"Shashwat Jin Pagla (Rishabh, Chandranan, Varishen, Vardhman)",21.4929533,71.80568
Kalikund Parshwanath Pagla,21.4948052,71.8076866
Rishabhdev;Neminath and his Ganadhara Vardatt na Pagla,21.5006059,71.8106195
Ajitnath Pagla,21.5050683,71.8142189
Adishwar Pagla,21.5050844,71.8142277
Gautamswami Pagla,21.5051013,71.8142368
Govindji Khona nu Mandir,21.5049204,71.8143194
Kausaggiya Statue,21.5045735,71.8143972
N/A,21.5020048,71.8135719
Bharat Chakravarti Pagla,21.5021949,71.8133081
Adinath Pagla,21.4966238,71.8087238
18 shrines,21.493381,71.804686
Shukoshal Muni Pagla,21.4868182,71.7982636
Nami Vinami Pagla,21.4865703,71.7980885
Rishabhdev Pagla,21.4859756,71.7978682
Hanuman Deri,21.4859789,71.7978465
Jali-Mayali-Uvyali statues,21.4851804,71.7977439
Sumatinath Temple,21.4831223,71.795471
Kuntasar Devi Gokh,21.482944,71.7954405
Hanuman Deri,21.4823789,71.7952981
Kavad Yaksh Deri,21.4823297,71.7951488
Mokshni Bari,21.4821076,71.7949675
Vimalnath remple,21.4820998,71.7949135
Ajitnath temple,21.4820889,71.7948559
Sahastrafana Parshwanath temple,21.4820669,71.7947883
Dharmanath temple,21.4820508,71.7947171
Chandraprabhu temple,21.4820402,71.794683
Shantinath temple,21.4820021,71.7946032
Sahastrafana Parshwanath temple,21.481967,71.7946103
Nilkanth Mahadev temple,21.4808721,71.793718
Chandraprabhu temple,21.4823218,71.7947764
Sambhavnath temple,21.4822958,71.794708
Parshwanath temple,21.4822756,71.7946529
"Chandraprabhu, Sambhavnath, Ajitnath temples",21.4822822,71.7946162
Adinath Deri,21.4809511,71.7937929
Sammet Shikhar Temple,21.4814913,71.7941217
Nami Vinami shrines,21.4816482,71.7935264
Sahastrakund Temple,21.4842237,71.7947785
Ajit Shanti Deri,21.4837067,71.7952289
Chandraprabhu Temple,21.4839749,71.7949311
Padmaprabhu Temple,21.483831,71.7949371
Rishabhdev Temple,21.4839987,71.7952157
Neminath Temple,21.4839911,71.795152
ParshwanathTemple,21.4839699,71.7950921
Khodiyar Mata Temple,21.4835561,71.7943852
Sahastrafana Parshwanath Temple,21.4836187,71.7939331
Ulkha Jalni Deri,21.4816357,71.796087
Devki's 6 Son's Shrine,21.4827645,71.7963966
Ajit Shanti Deri,21.4732008,71.7802694
Siddhvad Jain Deri,21.480003,71.7758456
Shree Swaminarayan Main Temple Bhavnagar,21.7513317,72.0912077
Bhaktidham Mataji Mandir,21.1889065,72.8735972
Shanidev Mandir,21.1912355,72.8701856
Dhamma Ambika,20.8804413,73.0385051
"Sidi Bashid mosque, the shaking minarets",23.0237664,72.5996961
Chandramouleshwar mahadev temple,22.3666206,73.1747392
Saibaba Temple,21.5227371,70.4422211
Shiv Mandir,21.5215783,70.4466267
Siddhi Vinayak Temple,21.5248773,70.4396082
Merudham,23.1218834,72.6162547
Chittkhana Chowk,21.5224245,70.4596783
N/A,21.5174478,70.4606594
Vadleshvar Mahadev Mandir,21.5176151,70.4606714
Swami Mandir,21.5115724,70.4519419
Verai Mata Mandir,21.518883,70.4707313
Shitala Kund,21.5139231,70.461553
Girnar Darvaja,21.5211626,70.474577
Memanwada,21.5236004,70.4631273
Dhobi Gali,21.5229193,70.4552752
Jagnath mahadev mandir,21.5170618,70.4574942
Saibaba Temple,21.5326027,70.4470384
Saibaba Temple,21.5221995,70.4439745
Surya Mandir,21.53254,70.4549578
Someshwar Society,21.5184015,70.4711812
Shree Swaminarayan Gyan Baug,21.5704352,70.4747368
Momai maa Temple,23.1837422,72.6622321
Limbaj temple,23.1841949,72.6626554
Akshar Mandir,21.5052351,70.44153
Mamadev mandir,21.4994376,70.4187281
Baba Ramdevpir Mandir,21.5005744,70.425341
Raj Rajeshwari Shree Meladi Mata Mandir,21.5026686,70.4283136
Dargah,21.5171441,70.4611176
"Ramdevpir Temple, Mander ghed",21.3275298,69.9459354
"Kaleshvar Mahadev Temple, Mander ghed",21.3266988,69.9458222
Gurukul Gandhidham,23.0800459,70.1098237
Guru Mandir,23.0769145,70.0887727
Jumapir Ramapir,23.0826523,70.0950467
Ravapar Hanuman Mandir,22.7977652,70.8259614
BAPA SITARAM MADHULI,22.8286044,70.8479746
JADESHWAR,22.6453653,70.8550682
Shiv Mandir,21.952009,69.915525
Pithadai Maa Mandir,21.0590202,70.4677655
Tridev Temple,23.911457,71.9133726
N/A,20.946392,72.9182542
Bhagwati International Public School,23.8611047,72.1305128
Bramhnath Mahadev Temple,22.5703885,70.426345
Mahakali Mandir,23.2180474,73.1705538
